"device_id","temperature","pH","tds","turbidity","turbidityRaw","conductivity","timestamp","","","","","","","","","","","",""
"DEVICE_003","22.9","8","193","1.8","417","146","5/29/2025 5:24:06","","","","","","","","","","","",""
"DEVICE_003","23","8.1","195","1.9","418","147","5/29/2025 5:25:06","","","","","","","","","","","",""
"DEVICE_003","23.1","8.2","198","2","419","148","5/29/2025 5:26:06","","","","","","","","","","","",""
"DEVICE_003","23.2","8.1","200","2.1","420","149","5/29/2025 5:27:06","","","","","","","","","","","",""
"DEVICE_003","23.3","8","202","2.2","421","150","5/29/2025 5:28:06","","","","","","","","","","","",""
"DEVICE_003","23.4","8.2","205","2.3","422","151","5/29/2025 5:29:06","","","","","","","","","","","",""
"DEVICE_003","23.5","8.3","210","2.4","423","152","5/29/2025 5:30:06","","","","","","","","","","","",""
"DEVICE_003","23.6","8.2","215","2.5","424","153","5/29/2025 5:31:06","","","","","","","","","","","",""
"DEVICE_003","23.7","8.1","220","2.6","425","154","5/29/2025 5:32:06","","","","","","","","","","","",""
"DEVICE_003","23.8","8","225","2.7","426","155","5/29/2025 5:33:06","","","","","","","","","","","",""
"","","","","","","","","","","","","","","","","","","",""
"","","","","","","","","","","","","","","","","","","",""
"","","","","","","","","","","","","","","","","","","",""
"","","","","","","","","","","","","","","","","","","",""
"","","","","","","","","","","","","","","","","","","",""
"","","","","","","","","","","","","","","","","","","",""
"","","","","","","","","","","","","","","","","","","",""
"","","","","","","","","","","","","","","","","","","",""
"","","","","","","","","","","","","","","","","","","",""
"","","","","","","","","","","","","","","","","","","",""
"","","","","","","","","","","","","","","","","","","",""
"","","","","","","","","","","","","","","","","","","",""
"","","","","","","","","","","","","","","","","","","",""
"","","","","","","","","","","","","","","","","","","",""
"","","","","","","","","","","","","","","","","","","",""
"","","","","","","","","","","","","","","","","","","",""
"","","","","","","","","","","","","","","","","","","",""
"","","","","","","","","","","","","","","","","","","",""
"","","","","","","","","","","","","","","","","","","",""
"","","","","","","","","","","","","","","","","","","",""
"","","","","","","","","","","","","","","","","","","",""
"","","","","","","","","","","","","","","","","","","",""
"","","","","","","","","","","","","","","","","","","",""
"","","","","","","","","","","","","","","","","","","",""
"","","","","","","","","","","","","","","","","","","",""
"","","","","","","","","","","","","","","","","","","",""
"","","","","","","","","","","","","","","","","","","",""
"","","","","","","","","","","","","","","","","","","",""
"","","","","","","","","","","","","","","","","","","",""
"","","","","","","","","","","","","","","","","","","",""
"","","","","","","","","","","","","","","","","","","",""
"","","","","","","","","","","","","","","","","","","",""
"","","","","","","","","","","","","","","","","","","",""
"","","","","","","","","","","","","","","","","","","",""
"","","","","","","","","","","","","","","","","","","",""
"","","","","","","","","","","","","","","","","","","",""
"","","","","","","","","","","","","","","","","","","",""
"","","","","","","","","","","","","","","","","","","",""
"","","","","","","","","","","","","","","","","","","",""
"","","","","","","","","","","","","","","","","","","",""
"","","","","","","","","","","","","","","","","","","",""
"","","","","","","","","","","","","","","","","","","",""
"","","","","","","","","","","","","","","","","","","",""
"","","","","","","","","","","","","","","","","","","",""
"","","","","","","","","","","","","","","","","","","",""
"","","","","","","","","","","","","","","","","","","",""
"","","","","","","","","","","","","","","","","","","",""
"","","","","","","","","","","","","","","","","","","",""
"","","","","","","","","","","","","","","","","","","",""
"","","","","","","","","","","","","","","","","","","",""
"","","","","","","","","","","","","","","","","","","",""
"","","","","","","","","","","","","","","","","","","",""
"","","","","","","","","","","","","","","","","","","",""
"","","","","","","","","","","","","","","","","","","",""
"","","","","","","","","","","","","","","","","","","",""
"","","","","","","","","","","","","","","","","","","",""
"","","","","","","","","","","","","","","","","","","",""
"","","","","","","","","","","","","","","","","","","",""
"","","","","","","","","","","","","","","","","","","",""
"","","","","","","","","","","","","","","","","","","",""
"","","","","","","","","","","","","","","","","","","",""
"","","","","","","","","","","","","","","","","","","",""
"","","","","","","","","","","","","","","","","","","",""
"","","","","","","","","","","","","","","","","","","",""
"","","","","","","","","","","","","","","","","","","",""
"","","","","","","","","","","","","","","","","","","",""
"","","","","","","","","","","","","","","","","","","",""
"","","","","","","","","","","","","","","","","","","",""
"","","","","","","","","","","","","","","","","","","",""
"","","","","","","","","","","","","","","","","","","",""
"","","","","","","","","","","","","","","","","","","",""
"","","","","","","","","","","","","","","","","","","",""
"","","","","","","","","","","","","","","","","","","",""
"","","","","","","","","","","","","","","","","","","",""
"","","","","","","","","","","","","","","","","","","",""
"","","","","","","","","","","","","","","","","","","",""
"","","","","","","","","","","","","","","","","","","",""
"","","","","","","","","","","","","","","","","","","",""
"","","","","","","","","","","","","","","","","","","",""
"","","","","","","","","","","","","","","","","","","",""
"","","","","","","","","","","","","","","","","","","",""
"","","","","","","","","","","","","","","","","","","",""
"","","","","","","","","","","","","","","","","","","",""
"","","","","","","","","","","","","","","","","","","",""
"","","","","","","","","","","","","","","","","","","",""
"","","","","","","","","","","","","","","","","","","",""
"","","","","","","","","","","","","","","","","","","",""
"","","","","","","","","","","","","","","","","","","",""
"","","","","","","","","","","","","","","","","","","",""
"","","","","","","","","","","","","","","","","","","",""
"","","","","","","","","","","","","","","","","","","",""
"","","","","","","","","","","","","","","","","","","",""
"","","","","","","","","","","","","","","","","","","",""
"","","","","","","","","","","","","","","","","","","",""
"","","","","","","","","","","","","","","","","","","",""
"","","","","","","","","","","","","","","","","","","",""
"","","","","","","","","","","","","","","","","","","",""
"","","","","","","","","","","","","","","","","","","",""
"","","","","","","","","","","","","","","","","","","",""
"","","","","","","","","","","","","","","","","","","",""
"","","","","","","","","","","","","","","","","","","",""
"","","","","","","","","","","","","","","","","","","",""
"","","","","","","","","","","","","","","","","","","",""
"","","","","","","","","","","","","","","","","","","",""
"","","","","","","","","","","","","","","","","","","",""
"","","","","","","","","","","","","","","","","","","",""
"","","","","","","","","","","","","","","","","","","",""
"","","","","","","","","","","","","","","","","","","",""
"","","","","","","","","","","","","","","","","","","",""
"","","","","","","","","","","","","","","","","","","",""
"","","","","","","","","","","","","","","","","","","",""
"","","","","","","","","","","","","","","","","","","",""
"","","","","","","","","","","","","","","","","","","",""
"","","","","","","","","","","","","","","","","","","",""
"","","","","","","","","","","","","","","","","","","",""
"","","","","","","","","","","","","","","","","","","",""
"","","","","","","","","","","","","","","","","","","",""
"","","","","","","","","","","","","","","","","","","",""
"","","","","","","","","","","","","","","","","","","",""
"","","","","","","","","","","","","","","","","","","",""
"","","","","","","","","","","","","","","","","","","",""
"","","","","","","","","","","","","","","","","","","",""
"","","","","","","","","","","","","","","","","","","",""
"","","","","","","","","","","","","","","","","","","",""
"","","","","","","","","","","","","","","","","","","",""
"","","","","","","","","","","","","","","","","","","",""
"","","","","","","","","","","","","","","","","","","",""
"","","","","","","","","","","","","","","","","","","",""
"","","","","","","","","","","","","","","","","","","",""
"","","","","","","","","","","","","","","","","","","",""
"","","","","","","","","","","","","","","","","","","",""
"","","","","","","","","","","","","","","","","","","",""
"","","","","","","","","","","","","","","","","","","",""
"","","","","","","","","","","","","","","","","","","",""
"","","","","","","","","","","","","","","","","","","",""
"","","","","","","","","","","","","","","","","","","",""
"","","","","","","","","","","","","","","","","","","",""
"","","","","","","","","","","","","","","","","","","",""
"","","","","","","","","","","","","","","","","","","",""
"","","","","","","","","","","","","","","","","","","",""
"","","","","","","","","","","","","","","","","","","",""
"","","","","","","","","","","","","","","","","","","",""
"","","","","","","","","","","","","","","","","","","",""
"","","","","","","","","","","","","","","","","","","",""
"","","","","","","","","","","","","","","","","","","",""
"","","","","","","","","","","","","","","","","","","",""
"","","","","","","","","","","","","","","","","","","",""
"","","","","","","","","","","","","","","","","","","",""
"","","","","","","","","","","","","","","","","","","",""
"","","","","","","","","","","","","","","","","","","",""
"","","","","","","","","","","","","","","","","","","",""
"","","","","","","","","","","","","","","","","","","",""
"","","","","","","","","","","","","","","","","","","",""
"","","","","","","","","","","","","","","","","","","",""
"","","","","","","","","","","","","","","","","","","",""
"","","","","","","","","","","","","","","","","","","",""
"","","","","","","","","","","","","","","","","","","",""
"","","","","","","","","","","","","","","","","","","",""
"","","","","","","","","","","","","","","","","","","",""
"","","","","","","","","","","","","","","","","","","",""
"","","","","","","","","","","","","","","","","","","",""
"","","","","","","","","","","","","","","","","","","",""
"","","","","","","","","","","","","","","","","","","",""
"","","","","","","","","","","","","","","","","","","",""
"","","","","","","","","","","","","","","","","","","",""
"","","","","","","","","","","","","","","","","","","",""
"","","","","","","","","","","","","","","","","","","",""
"","","","","","","","","","","","","","","","","","","",""
"","","","","","","","","","","","","","","","","","","",""
"","","","","","","","","","","","","","","","","","","",""
"","","","","","","","","","","","","","","","","","","",""
"","","","","","","","","","","","","","","","","","","",""
"","","","","","","","","","","","","","","","","","","",""
"","","","","","","","","","","","","","","","","","","",""
"","","","","","","","","","","","","","","","","","","",""
"","","","","","","","","","","","","","","","","","","",""
"","","","","","","","","","","","","","","","","","","",""
"","","","","","","","","","","","","","","","","","","",""
"","","","","","","","","","","","","","","","","","","",""
"","","","","","","","","","","","","","","","","","","",""
"","","","","","","","","","","","","","","","","","","",""
"","","","","","","","","","","","","","","","","","","",""
"","","","","","","","","","","","","","","","","","","",""
"","","","","","","","","","","","","","","","","","","",""
"","","","","","","","","","","","","","","","","","","",""
"","","","","","","","","","","","","","","","","","","",""
"","","","","","","","","","","","","","","","","","","",""
"","","","","","","","","","","","","","","","","","","",""
"","","","","","","","","","","","","","","","","","","",""
